[
  {
    "id": 1,
    "name": "Soumyjit",
    "address": "Kolkata",
    "credit": 23200,
    "status": "true"
  },
  {
    "id": 2,
    "name": "Sandeep",
    "address": "Kolkata",
    "credit": 23200,
    "status": "true"
  },
  {
    "id": 3,
    "name": "Suresh",
    "address": "Mysore",
    "credit": 23200,
    "status": "true"
  },
  {
    "id": 4,
    "name": "Santosh",
    "address": "Bangalore",
    "credit": 33200,
    "status": "true"
  },
  {
    "id": 5,
    "name": "Sooraj",
    "address": "Bangalore",
    "credit": 43200,
    "status": "false"
  },
  {
    "id": 6,
    "name": "Salman",
    "address": "Mumbai",
    "credit": 53200,
    "status": "true"
  }
]